brand,sku,name
"Kingsman","KGM-ZCVRB3622NE","Kingsman Zero Clearance Clean View Direct Vent Linear IPI Gas Fireplace - 36 Inch - ZCVRB3622E"
"Kingsman","KGM-ZCVRB3622N","Kingsman Zero Clearance Clean View Direct Vent Linear Millivolt Gas Fireplace - 36 Inch - ZCVRB3622"
"Kingsman","KGM-OFP42NE","Kingsman OFP42 Outdoor Vent Free Gas Fireplace - IPI Ignition"
"Kingsman","KGM-HBZDV4224N","Kingsman 42 Inch HBZDV4224 Direct Vent Gas Fireplace"
"Kingsman","KGM-HBZDV3624N","Kingsman 36 Inch HBZDV3624 Direct Vent Gas Fireplace"
"Firegear","FGO-OFP-72LECO-NLED","Firegear 72 Inch Kalea Bay Outdoor Linear Fireplace with LED Lights"
"Kingsman","KGM-HBZDV4224NE","Kingsman 42 Inch HBZDV4224 Direct Vent Gas Fireplace - IPI Pilot"
"Kingsman","KGM-ZCVRB47N","Kingsman ZCVRB47 Linear Direct Vent Gas Fireplace - Millivolt Pilot"
"Kingsman","KGM-ZCV3622NE","Kingsman Zero Clearance Clean View Direct Vent IPI Gas Fireplace - 36 Inch - ZCV3622E"
"Kingsman","KGM-MCVP42NE","Kingsman Clean View Peninsula Direct Vent Gas Fireplace - IPI - MCVP42E"
"Kingsman","KGM-ZVFCV47","Kingsman 47 Inch Zero-Clearance Universal Vent Free Fireplace Firebox"
"Firegear","FGO-OFP-48LECO-N","Firegear 48 Inch Kalea Bay Outdoor Linear Fireplace"
"Kingsman","KGM-ZCVRB60N","Kingsman ZCVRB60 Linear Direct Vent Gas Fireplace - Millivolt Pilot"
"Kingsman","KGM-ZCV42NE","Kingsman 42 Inches ZCV42 Designer Clean View Direct Vent Gas Fireplace with Tempered Glass - IPI Pilot"
"Kingsman","KGM-OFP7972S1P2","Kingsman 72 Inch Barbara Jean Linear Outdoor Natural Gas Fireplace - IPI"
"Kingsman","KGM-HBZDV4736NE","Kingsman HB4736 Zero Clearance Direct Vent Gas Fireplace - IPI Pilot"
"Kingsman","KGM-ZCV3622N","Kingsman Zero Clearance Clean View Direct Vent Millivolt Gas Fireplace - 36 Inch - ZCV3622"
"Kingsman","KGM-MCVST42NE","Kingsman Clean View Direct Vent See Through Gas Fireplace - IPI - MCVST42E"
"Kingsman","KGM-MCVST42N","Kingsman Clean View Direct Vent See Through Gas Fireplace - Millivolt - MCVST42"
"Kingsman","KGM-MCVP42N","Kingsman Clean View Peninsula Direct Vent Gas Fireplace - Millivolt - MCVP42"
"Kingsman","KGM-ZCVRB47NE","Kingsman ZCVRB47 Linear Direct Vent Gas Fireplace - IPI Pilot"
"Firegear","FGO-OFP-60LECO-N","Firegear 60 Inch Kalea Bay Outdoor Linear Fireplace"
"Firegear","FGO-OFP-72LECO-NLEDST","Firegear 72 Inch Kalea Bay See-Through Outdoor Linear Fireplace with LED Lights"
"Kingsman","KGM-ZVF24","Kingsman 24 Inch Zero Clearance Vent Free Gas Fireplace Firebox"
"Kingsman","KGM-ZVF33P","Kingsman 33 Inch Zero Clearance Vent Free Gas Fireplace Firebox"
"Kingsman","KGM-ZVFCV42","Kingsman 42 Inch Zero-Clearance Universal Vent-Free Fireplace Firebox"
"Kingsman","KGM-ZCVRB60NE","Kingsman ZCVRB60 Linear Direct Vent Gas Fireplace - IPI Pilot"
"Heatmaster","HMT-HVF42BB","Heatmaster 42 Inch Vent Free Builder Fireplace Firebox with Liner"
"Kingsman","KGM-HBZDV3628N","Kingsman 36 Inch HBZDV3628 Direct Vent Gas Fireplace"
"Heatmaster","HMT-HVF36BB","Heatmaster 36 Inch Vent Free Builder Fireplace Firebox with Liner"
"Firegear","FGO-OFP-60LECO-NLED","Firegear 60 Inch Kalea Bay Outdoor Linear Fireplace with LED Lights"
"Kingsman","KGM-ZCV39N","Kingsman 39 Inches ZCV39 Designer Clean View Direct Vent Gas Fireplace with Tempered Glass"
"Kingsman","KGM-HBZDV4736N","Kingsman HB4736 Zero Clearance Direct Vent Gas Fireplace - Millivolt Pilot"
"Kingsman","KGM-ZCV42N","Kingsman 42 Inch ZCV42 Zero Clearance Direct Vent Gas Fireplace - Millivolt"
"Kingsman","KGM-ZVFCV39","Kingsman 39 Inch Zero-Clearance Universal Vent Free Fireplace Firebox"
"Kingsman","KGM-MCVP42NH","Kingsman Clean View Peninsula Direct Vent Millivolt Gas Fireplace - MCVP42H"
"Firegear","FGO-OFP-60LECO-NST","Firegear 60 Inch Kalea Bay See-Through Outdoor Linear Fireplace"
"Kingsman","KGM-HBZDV4736N7","Kingsman 47 Inch HB4736 Zero Clearance Direct Vent Gas Fireplace - 7 Day Millivolt"
"Kingsman","KGM-HBZDV3624NE","Kingsman 36 Inch HBZDV3624 Direct Vent Gas Fireplace - IPI Pilot"
"Kingsman","KGM-ZCV39NE","Kingsman 39 Inches ZCV39 Designer Clean View Direct Vent Gas Fireplace with Tempered Glass - IPI Pilot"
"Kingsman","KGM-MCVST42NHE","Kingsman Clean View See Through Direct Vent Gas Fireplace Heater - IPI - MCVST42HE"
"Kingsman","KGM-HBZDV3628LPE","Kingsman 36 Inch HBZDV3628 Direct Vent Gas Fireplace - IPI Pilot"
"Kingsman","KGM-ZCV39NHE","Kingsman 39 Inches ZCV39 Designer Clean View Direct Vent Gas Fireplace with Ceramic Glass - IPI Pilot"
"Kingsman","KGM-HBZDV4228N","Kingsman 42 Inch HBZDV4228 Direct Vent Gas Fireplace"
"Firegear","FGO-OFP-36LECO-NLED","Firegear 36 Inch Kalea Bay Outdoor Linear Fireplace with LED Lights"
"Kingsman","KGM-HBZDV4228NE","Kingsman 42 Inch HBZDV4228 Direct Vent Gas Fireplace - IPI Pilot"
"Kingsman","KGM-MCVP42NHE","Kingsman Clean View Peninsula Direct Vent IPI Gas Fireplace - MCVP42HE"
"Firegear","FGO-OFP-36LECO-NLEDST","Firegear 36 Inch Kalea Bay See-Through Outdoor Linear Fireplace with LED Lights"
"Kingsman","KGM-OFP5548S1P2","Kingsman 48 Inch Barbara Jean Linear Outdoor Natural Gas Fireplace - IPI"
"Kingsman","KGM-ZCV42NH","Kingsman Zero Clearance Clean View Direct Vent Millivolt Gas Fireplace - 42 Inch - ZCV42H"
"Kingsman","KGM-ZCV42N7","Kingsman 42 Inch ZCV42 Zero Clearance Direct Vent Gas Fireplace - 7 Day Millivolt"
"Kingsman","KGM-OFP5548S2P2","Kingsman 48 Inch Barbara Jean See-Thru Linear Outdoor Natural Gas Fireplace - IPI"
"(Open","SUP-DRT3535DEN-E-Propane-SD","(Open Box Item) - Superior 35 Inch DRT3500 Direct Vent Propane Fireplace - Electronic Ignition"
"Firegear","FGO-OFP-48LECO-NLED","Firegear 48 Inch Kalea Bay Outdoor Linear Fireplace with LED Lights"
"Kingsman","KGM-MCVST42NH","Kingsman Clean View Direct Vent See Through Gas Fireplace Heater - Millivolt - MCVST42H"
"(Open","SUP-VRT4536WH-White-Stacked-SD","(Open Box Item) - Superior 36 Inch VRT4500 Series Vent-Free Paneled Firebox - White Stacked"
"Kingsman","KGM-ZCV39N7","Kingsman 39 Inch ZCV39 Zero Clearance Direct Vent Gas Fireplace - 7 Day Millivolt"
"Kingsman","KGM-ZCVRB3622N7","Kingsman 36 Inch ZCVRB3622 Zero Clearance Direct Vent Gas Linear Fireplace - 7 Day Millivolt"
"Kingsman","KGM-MCVST42N7","Kingsman MCVST42 See-Through Direct Vent Gas Fireplace - 7 Day Millivolt"
"Kingsman","KGM-OFP7972S2P2","Kingsman 72 Inch Barbara Jean See-Thru Linear Outdoor Natural Gas Fireplace - IPI"
"Faber","DIM-FMG5126B","Faber MatriX 4326 Three-Sided Bay Window Built-In Direct Vent Gas Fireplace"
"Kingsman","KGM-ZCV39NH","Kingsman Zero Clearance Clean View Direct Vent Millivolt Gas Fireplace - 39 Inch - ZCV39H"
"Kingsman","KGM-ZCV42NHE","Kingsman 42 Inch ZCV42HE Zero Clearance Direct Vent Gas Fireplace - Proflame 1 IPI"
"Kingsman","KGM-OFP4336S2P2","Kingsman 36 Inch Barbara Jean See-Thru Linear Outdoor Natural Gas Fireplace - IPI"
"Kingsman","KGM-OFP4336S1","Kingsman 36 Inch Barbara Jean Linear Outdoor Natural Gas Fireplace - Millivolt"
"Firegear","FGO-OFP-60LECO-NLEDST","Firegear 60 Inch Kalea Bay See-Through Outdoor Linear Fireplace with LED Lights"
"Firegear","FGO-OFP-48LECO-NLEDST","Firegear 48 Inch Kalea Bay See-Through Outdoor Linear Fireplace with LED Lights"
"Firegear","FGO-OFP-48LECO-NST","Firegear 48 Inch Kalea Bay See-Through Outdoor Linear Fireplace"
"Kingsman","KGM-ZCV42NH7","Kingsman 42 Inch ZCV42H Zero Clearance Direct Vent Gas Fireplace - 7 Day Millivolt"
"Kingsman","KGM-ZCV39NH7","Kingsman 39 Inch ZCV39 Zero Clearance Direct Vent Gas Fireplace with Ceramic Glass - 7 Day Millivolt"
"Kingsman","KGM-MCVST42NH7","Kingsman MCVST42 See-Through Direct Vent Gas Fireplace with Ceramic Glass - 7 Day Millivolt"
"Kingsman","KGM-MCVP42NH7","Kingsman MCVP42 Peninsula Direct Vent Gas Fireplace with Ceramic Glass - 7 Day Millivolt"
"Kingsman","KGM-ZCV3622N7","Kingsman 36 Inch ZCV3622 Zero Clearance Direct Vent Gas Fireplace - 7 Day Millivolt"
"Kingsman","KGM-ZCVRB47N7","Kingsman ZCVRB47 Zero Clearance Linear Direct Vent Fireplace"
"Kingsman","KGM-ZCVRB60N7","Kingsman ZCVRB60 Zero Clearance Linear Direct Vent Fireplace - 7 Day Millivolt"
"Kingsman","KGM-OFP4336S1P2","Kingsman 36 Inch Barbara Jean Linear Outdoor Natural Gas Fireplace - IPI"
"Faber","DIM-FMG4326F","Faber MatriX 4326 Single-Sided Built-in Direct Vent Gas Fireplace"
"Faber","DIM-FMG4726L","Faber MatriX 4326 Two-Sided Built-In Direct Vent Gas Corner Fireplace"
"Kingsman","KGM-MCVP42N7","Kingsman MCVP42 Peninsula Direct Vent Gas Fireplace - 7 Day Millivolt"
